iteration,trainRMSE
0,"[1052.5407165348772, 1051.2914464363835, 1052.4796249677104, 1052.495303729698, 1055.6160515929462]"
