iteration,trainRMSE
0,"[1052.5442200390103, 1052.3738302588033, 1052.8178610600426, 1052.8222232733615, 1055.858500900539]"
